Maltext,
quanto invoice prey ile tay eons provides reliable billing payment services tet een cee tec cee ect cet online without issues composing checks purchasing stamps cce mol enc,0
ceo congratulations youve got free year government sous qncurtueity brow wil get green card ick apply cok emi sern soest woth seen sard lathery,1
home admissions admission requirements,0
investors newsroom support signin loopup enterprise pricing resources company say hello premium remote meeting experience plans youll get full suite capabilities you need choose amount thats right you professional power peel month month month shed arnt monty shed aunty monty payg minaes ninaes minaes permite tonsce ers eer nue tin tte eee eee eee eee eee eee license reco permonth surcage uti sorcages tien sales pun ints oven punts stole atin man ustetre etn vague vont,0
credit union soa banking eet emer personal loans credit cards teu ead make payments login recommend mortgage calculate mortgage home buying advice answer questions get articles advice home suggestion crunch numbers you foe vas cea aan apply calculate help decide refinance mortgage advice mortgage payment mortgage loans mortgage loans designed keep payments low others cost less long run interest rates change prime rate others remain fixed forever choose type mortgage loan thats right you help decide mortgage,0
pers see congratulations your banner qualified you exclusive deal deal survey would you take deai pick another case chance million dollars please click participate survey your chance win see detsils yes,1
congratulations you selected take part survey chance win walmart gift card press participate close,1
warning flash player infected,1
home tcfusa tcfs work usa chapters usa events esac news stories contactus tae crnzens founpation usa cost educateachild year support classroom year educateachild grade support tcf school year scholarship higher education building supporting school please contact contacttcfusaorg your donations tax deductible tax donate online donors option pay credit card directly without creating paypal account donor privacy policy commitment you,0
geta jumiar every worth purchase,0
congratulations youhave won free cake click confirm accept cee,1
thank ,1
get cash back open new account lightspeed rebate your equities options commissions first three months cash back offer available new customers utilize take advantage vii lightspeed trader sterling eze ems formerly realtick you open account promotion period starts day account opened ends calendar days rebate deposited directly your lightspeed account within days end taitanatn,0
google cloud whygoogle solutions products pricing gettingstarted contact sales docs support language signin website web apps solutions deliver your web experience cloud platforms fast scalable vms raia contact sales fast cheap scalable whether you need build multitiered web application scratch host static website google cloud platform provides services infrastructure enable you develop deploy scalable globallyavailable applications websites focus your application your users let google take care infrastructure you pay you use google app engine starts free tier google compute engine bills secondlevel increments sustaineduse discounts kick automatically innovative preemptible vms keep costs efficiency peak industryleading cloud pricing,0
myweatherios may slow your iphone developer app needs update improve compatibility,1
eee emer rce ame toms aes your ene lian com dat mantle cleo tne meaty ithout making mess soren sign make market work you,0
tiga your files permanently deleted please read instructions bad news your files encrypted,1
questions answers comments category users explainbankruptcy ett cana new york tax exemption form school group used state pot bankruptcy chapter ashed march government anonymous attorneycpa foreclosures repos levy lawsuits taxes callus today discuss your options tickets sporting events you take client deductible new tax poss law exarectatencom asked march business anonymous tree trimmer coverage tax liability you sell your business bbbo accredited business asked february legal topics anonymous ssdae way bay commenion coverage call econtractorsingurecom tax return software returns software flexible pricing consukeat negation wwwvertexinecom inventory issues easy automation solution save time money learn founded reduce audit risks cliente clohally contac galoc lle tay calculation imtanration eigonnial uctese,0
you dont burn midnight oil cash back rewards business cliche matter,0
question you mateo female,1
wwwgooglecomwin afreegiftfromwalmart amazoniphonequnizecom ccongratulationsgoogle benutzer your access you selected win todays prize iphone amazon semsung alan,1
cheapcart phone liberty mutual sutance mercury insurance make getting car insurance easy possible sam foren,0
socio winus calla licensed agent insurecom click buy save car insurance see poetic tove rae save car insurance today drivers like free online quotes compare cheap rates customers save average you need know coverage you must buy start saving however minimus your state requires may ater code necessarily adequate read age range check discounts you may eligible currentinsurer bundling bundle two insurance products save big youa homeowner yes good driver hybrid vehicle lowmleage good cet marriage loyalty occupation utary dutieear older seniordrver nearly million competitive rates provided companies like llstate reaveters esuronce gcereuy compare types youhit something least automobile insurance your auto insurance ome expensive vehicles insure coverage policy cover abasic auto insurance policy contains sitypes divers collising wit things inthe oad inthe past minivans dominated annual coverage depending you live since inventor james william lambert rankings least expensive vehicles insure,0
maalfreekaain chance win iphone hurry free like share,1
lotus coffee always together original caramelised biscuit jou,0
brocklegal pllc cern daye usa elen sees clae urc celts nae agee url lele commercial residential real estate transactions texas north texas area growing rapidly denton county particular experiencing tremendous commercial real estate development surge interest extracting oil gas barnett shale denton surrounding counties questions concerning oil gas leases mineral interests become common providing skilled boardcertified legal assistance texas brocklegal pllc devote substantial portion law practice matters real estate staying current local residential commercial real estate markets trends regularly work real estate developers sellers buyers landlords tenants cities municipalities property owners associations founding attorney boardcertified texas board legal specialization residential commercial real estate since means met high standards state bar texas regarding level knowledge years practice percentage practice devoted real estate law need cammerrial real ectate awverc elower,0
congratulations you won hourly prize click button claim time runs cancel ,1
adobe flash player outofdate version plugin your computer include latest security updates blocked continue using adobe flash player download update adobe download flash,1
congratulations google user youve selected winner free walmart giftcard iphone samsung galaxy please click claim your prize give away somebody,1
pul pee ioooqooeeo,1
scan update your antivirus free,1
merrit bos merrill edge selfdirected choose right stocks right price enjoy simple flatrate pricing per online stock etf trade plus get you invest new account fees may apply put your stock trading investing ideas action todays market summary todays indices europe asia provided thomson reuters ipet slose aeeos dow jones industrial average trading today best performing sectors real estate information technology sectors respectively ooo index last todays change market movers sector performance bond rates commodities ssp index ,0
lele free consultations fight win fee injury lawyers eawfirm calltext habla espanol aaa tee rey injuries receive reduced contingency fee cases settle without litigation you mention hiring contact free injury case evaluation use form soliciting please name email phone you injured,0
congratulations you won fefex itis joke you visitor day claim your winnings cee,1
pcr oem peon aaa hal hts oes col recor acd,0
get your cheapest auto insurance quotes enter your zip code ratekick helped save year without lowering coverage sarah florida providers include esurance eermmy dallistate egemers grrcenuy insurance msurance,0
you visitor congratulations you won seems legit,1
get free rate quotes perec lendingtree scs hig cer iced pick offer you like obligation,0
page httpantivirusdefensecom says attention your computer struck spyware you could suffer data loss erratic behaviour freezes creahes detect remove viruses damage your computer antivirus perform free quick scan your computer viruses spyware adware you want install antivirus scan your computer malware recommended,1
get offer cha fetitrola bisel coe eimer tne worn,0
play online casino get first deposit,1
aes ohne rye eku online eku howtoapply admission requirements accreditation rankings state authorization explore home degree options programs list tuition financial aid students faculty news contact faq connect twitter facebook youtube tweets ekuontine eku online learning real degrees real opportunities aan eastern kentucky university online offer classes help you build career advance your current one you dont put your life hold earn your degree majority online classes completed weeks half time standard format you dont set foot campus missed traditional spring fall enrollment problem eku online offers multiple start dates throughout year you start building your future eastern kentucky university ranked among best news world reports best online education program rankings you confident respected worldclass education you receive eku online questions program options best you tell program you interested happy help you take first step your journey you ready enroll create your free account eastern kentucky learn complete form dedicated advisor contact you answer questions help you take first step name email address phone select apply test drive best online programs tess bachelors you questions start typing talk live bbent,0
hale race learn invest wea like miia pros cusses ars locations found sort date your location click enter zip code eet events shown central time thu may frisco sat may frisco wed may arlington highlander blvd select date location peed,0
warning sunn virus malware affecting android sysoy een msopjappst ems ove emove,1
vyhheoe united states giving account life you save wheretodonate causes getinvolved givinggames resources aboutus search best charities highly effective giving best way good your donation giving highly effective charities like read selection methodology tax deductible causes sources filter charities clear filters countries causes sources foundation,0
help available beach house ind freedom getting away treatment make difference help beautiful acre beachside campus prestigious center excellence award comprehensive medical psychiatric care personalized treatment plans insurance may cover cost treatment call today peer cttnes,0
gex energy save heating cooling costs free ecobee wifi thermostat plus get price protection months gexa ecolife plant beautiful design easytouse touchscreen display average annual savings heating cooling costs ecobee lite smart thermostat helps you live better save price protection months enjoy peace mind low fixed price electricity plan green energy control anywhere adjust temperature comfort settings easily your android ios devices including apple watch fast easy installation everything you need box stepby step guide mobile app free expert support make simple easy usage control your thermostat automatically adjust times high get started brose stn you sign plan youll receiv treeecobess lite retail value sbmonths price protection fixed rate control anywhere mobile app,0
bevery one,0
aistate teneemer youein good hands much could you save insurance find fast free quote minutes bundle save enter your zip code choose your insurance get your quote get quote phone call find allstate agent savings vary state product line subject terms conditions availability qualifications allstate fire casualty ins affiliates northbrook allstate insurance privacy security,0
become avon independent sales representative make money make your hours work home work online sne,0
ner you won free apple ipod madel halds songs hrs battery life charge earbud headphones belt clip adapter click claim your free apple ipod nin program,1
due infection your computer selpoestruer erode ,1
home espafio lifesource clients current client update make payment contact alphacord preserving brighter futures livechat speak toa specialist alphacord advantage stemcell science pricing resources erenct home pricing promotions promotions celebrate mom month long better way celebrate moms placenta tissue bundle cord tissue bundle pricing includes everything hidden fees stateoftheart processing storage your newborns stem cells call order online today take advantage special offers offers valid may placenta bundle special offer valid promo code placenta tissue bundle special offer valid promo code tissue get placenta bundle save tissue bundl eae void prohibited offers cannot combined offer pricing payment plans enroll current client referafriend promotion,0
cueshe cuee een ees uno mar lulu glu mees eee lames lax ads compopencfakequeolbemshceynqaaaaaabapa flkequezdubemshceynqlkiaicwalopnhlixubhinnrveraaarape thank congratulations question youve selected los you male female angeles take part male anonymous survey complete fernale second questionnaire say thank you well provide you exclusive offers including iphone apple ipad visa gift card,1
drivers switched esurance average saved minutes clicks youre set start saving see painless auto home insurance based avg savings reported customers switched esurance saved every day star day kkkkk kkkkk,0
looking cord blood banking cryocel international worlds first cord blood bank your child birth onceinalifetime opportunity collect priceless cells protect matters mmsdiyyyy itr unlech answers frequently asked questions claim your coupon baquerizos stored five kids cord blood cryo cell international insurance life much important anything else oye,0
sign pia degree women men sweat tech sweat facts move purpose search range women produ men products,0
page httplovelinksus says virus found download install run complete threat scan,1
nebo,0
site says system alen your computer infected adware malware causing you see popup may happen due obsolete virus protections fix please call system support immediately pease ensure you nat restart your computer prevent data loss possibilty data identity theft fnot fixed immediatly,1
vastconference services getademo helpconact ioc login instant conference calls ened reservationless conference calling you host instant conference calls whenever you need without prescheduling operator assistance your service always active ready use call your dedicated conference number conference code host code initiate call ened cat conference time instantly schedule advance conflicts give unique numbers your users single click start join calls mobile fea web controls conference call free recording organize people conference call quickly instantly record conference call listen later see whos joined your call identify people talking,0
virus detected spyware detected your system spyware causing your computer run slowly remove you must reboc you computer completely remove vius,1
live work usa congratulations youve got free year give free year,1
facebookcomdmsspace congratulations your apple iphone randomly selected todays lucky mobile device you unclaimed prize click claim your prize,1
east depuy agruhvon sane mcst eer attorneys law reat pass eee crs cpdl duar eeo cray codices bailey gal ort worth houston entire state oye shtisfaction moe cur tener expectations focusing professionali legal needs ruc pee kerk ciacci,0
your apple ipad infected viruses resolved immediately virus crash your cell phone damage sim card delete your contacts follow instructions remove virus close,1
choose right lawyer your defense match lawyers seconds select practice area espond hours works describe your case get matched hire attorney erect dota eltime esate rete eee eer rel meo cos preece roan,0
eerie cal dyseeotss simplify your mortgage search find howmuch mortgage you afford purchase refinance much you afford use lendingtree connected licensed len your area free lendingtree get banks compete your bus comparing allow you get monthly mortgage quo means you get compare multip confidence you found loan banks one place saving you time money begin your loan search ,0
rgy home rates plans careers ambit gps independent consultant supplier your power needs solar electricity gas choose ambit energy your gas electricity petia teh ambit energy offers selection rates plans meet needs customers coasttocoast ,0
celebrating moms month thru save code mama start corer plan selection order details choose preservation service pricing options new clients baby looks like youre united states international birth cord blood rankino vour newboms cord blood payment details chat mar order sumi cord blood processing fees annual storage shipping fee total price year one forte,0
attention congratulations you could todays iphone winner click yes button try win time runs,1
dear walmart shopper congratulations you won walmart gift card click claim your gift cancel reply stop walmart gift card awesome,1
elected officials congress sell special interests remarkably little money eccompute amazonawscom congratulations rcn customer your iphone randomly selected receive gift card passed bill along party lines would allow americans internet histories bought share occupy democratss post,1
serere wao knowing your credit score you ges your score help you buying orrenting buyin home applying aloan simply understanding your credit subscription cost plus credit monitoring service you time tri you bil per mon missed payments jer email alerts insurance ests balances transuni transus,0
buynow unlimited conference calling made easy unbeatable rates save see wecompare get unlimited minutes month start your free trial scroll learn,0
you tired popups yet popups ate caused websites you wsitng caused piece adware tats stalled your click download adwcleaner easy free second process your systom willbe scanned immideatly solution nese pops wil proved never see ads lke one message mean you see tis message means your adware installed pops advertisements advise you use your anything may transmit sensitve data logging using your creditcard online banking shopping data might rsk facebook login details online bank accounts passwords creditcard data skype login your pictures videos your browsing history,1
win burts bees prize pack like share,0
lendingclub loan comfort home much you need whats money wont impact your credit score respond mail offer personal loans check your rate wontimpact your eet,0
eagle expeditions humanitarian donation information would like make donation amount programs sponsorships donate,0
dear apple iphone user congratulations apple iphone user you one users selected virginia claim amazon gift card walmart gift card,1
joke you visitor,1
peace toc rar elas wane josey crone,1
citibank citi feel perfect fit happy hour ort visit wwwcitibankcomsgclear mme acum sel den aes ced peele rom cada earl speen citi clear card,0
flashplayer might outd update your flash player your flash player windows might date update latest version better perfomance your update ready install later,1
questions answers comments category users explaintravel questions online school cana new york tax exemption form school group used state asked march government anonymous long average high school relationship last preis asked february relationship anonymous penn state moda mert ltt school you attend america fries epp asked february education anonymous coy tita leo explore online degrees online school certificates help achieve your goals university campus online degreesstrayeredulapplytoday find support needed succeed starting day one apply strayer accredited trusted financial aid available grad undergrad degrees online campus texas campuses degree,0
you currently browsing web firefox your video player might outdated please update latest version better performance,1
congratulations iii you won dollars,1
home facilities program testimonials view full site call confidential unity behavioral health unity rehab difference addiction treatment center national association,0
you may need one your lifetime buy jaccidental you discharge time sarety impossible sees automatic send tar tire arms engclopeedia iverjohnsons arms cycle works fitchburgmass usa,0
say explore shop support ree signin soe conferencing boost your efficiency products solutions find services fit your business needs,0
use cookies offer you better browsing experience analyze site traffic personalize content serve targeted eeu eee mean kere une lesa mer reon rem eon oke meee cookie settings remem dros ice sarco amr mele products resources customers acquia cloud secure scalable supported leader drupal eee ets ieee powudr hosting platform build manage oes rap eteronten based digital experiences freting yousto gueyenerap iene build engaging experiences ener mut pere enone eto,0
congratulations giving away prizes lucky softlayer technologies visitors selected you play softlayer technologiess spin win spin wheel see prizes you could win click spin wheel,1
message important joke you visitor,1
cause effect one responsibly raised burrito time make dinner selfless act joining fundraiser monday july santee chipotle bring flyer proceeds benefit san diego police officers association support detective chappie hunter santee trolley square mission gorge san diego mexican grill mission gorge cuyamaca,0
you won amazon gift card kindle ils amazoncom,1
squarespace tour allinone platform weve got you covered think squarespace your department free unlimited hosting topoftheline security enterprisegrade infrastructure aroundtheclock support hosting free unlimited hosting place limits your sites storage bandwidth global hosting network handles billions hits every month behalf customers seamlessly scales your traffic grows dns superior reliability uptime templates support aga cdn fast content delivery squarespace optimizes delivery your content using global cdn ensures your pages load quickly your visitors matter world ssl ssl certificate included,0
cvt solutions resources contact apprenticeships intersection software development talent generation fae connect first name last name email select inquiry type general information message bee tae submit,0
topbest deri mortgage loans best mortgage pee yee tool brn neh coa refnenesuts een loan purpose lendingtree home equity refinance purchase credit quicken good loans thmls reset best loans biweekly payments xbetterccom mortgage hack save you tens thousands dollars comes mortgages lendingtree submit your application minutes rates network lendersread review year fixedrate mortgages get free quotes fixed rates low year free credit scoring function quicken loans make mortgage process simple largest online lender usread review year fixedrate mortgages realtime quotes mortgages approved minutes bettercom top refinance purchase mortgages residential propertyread review secure nohassle applications beat competitors low payment options view rates view rates view rates,0
offer dimension desktops sonton incl vat delivery cae ecg thieadie brought you software trom gain meenctene bugis you sponses led ste you vigning,0
custom greeting way you want conference calling rates starting per minute quick easy setup instant activation turbobridge aupio conferencing questions call rae super low rates simple use toll dialin tollfree dialin baer arc mcr sey reservations local dialin numbers ktao choose your codes proven performance hosted million conference calls reliability last year serving sizes onetime use enterprises risk get started contract err eeoa eeiing nreney sre cet nites convenient global access dialin numbers countries connect via internet best prices rates per minute unlimited,0
psogotrade diett nena wre pay cer clr isi bereyco ele mas low per trade free power pack trade ideas meat ete acing mek mull get you open new sogotrade account sogotrade pay,0
important message congratulations you new prize,1
ecisions wade consumersadvocate content free may earn commission you click make purchase using site learn best credit reporting dieta tae rog seas oceea cee ceo rut quality reports monitoring services available plans reputation matter trusted yahoo ymn ibcnbc inner forbes sort list top recommended texas rated pick experian credit report completely free truly credit card required checking your report doesnt hurt your credit report refreshed every days sign ase read full review see freecreditreportcom deal experian official credit bureau experian get your fico score credit reports credit bureaus daily monitoring tollfree support stars google play nscs one tok ket identity theft protection available cer eyoerian deal ,0
eee youve chosen receive free gateway desktop computer tre penoum processor gre oorsoram hcdrw inch color crt montor neh vewabe lek claim your free eeecccoce,1
ameritrade pricing account keywords stocks user ameritrade tools platforms investment products guidance retirement education research home ameritrade ameritrade contact accolades compare ameritrade digital innovation get touch dow share investing built around you years ameritrade proud help clients pursue financial goals giving time focus really matters life everything offer guidance powertul trading tools retirement resources built around one thingyou nasdaq orig days plus get ,0
law office joel levine free attorney gonsultation millions recovered glients attorneys fees unless you win call ,0
introducing audi bigcomfortable luxurious car gives you llitreskm kmh,0
globalgivingus nationals explore contact registration login mohan mest foundation aes solo help save lives your donation str ues see een uem etree conduct hospital programs improve organ donation rate india home help help cause support fulfilling mission providing gift life your donation make huge difference lives patients suffering organ help spread awareness donate memory your failure estimated loved one patients waiting second lack awareness one make donation save major barriers donate honour someone patient suffering orga lease life approximately people ere res use cuo sure gee cae,0
network home mission team irisgarcia partners sponsorship internet channel sorry page you looking doesnt exist,0
call chat witha start online home loan expert rocket mortgage providing affordable mortgages awardwinning client service years type loan select one call start online rocket mortgage online lender claim quicken loans online lender based ranking quicken loans comparison online residential mortgage lenders included inside mortgage finance top mortgage lenders report ,0
remedy you,1
orkplace facebook workplace chat instant messages quicker decisions workplace delivers collaboration communication tools teem aon acetone aie ein eee taek keel eke era voice video calling touch button share pecan eat nace ees teena uncen eau sea eae,0
you won congratulations gficseace see youve won winner lucky winner latest posts heimdal renamed new eau,1
call law help hot free obligation initial discussion your legal issue popular legal issues nea urd cating mee wehelp victims negligence get help families charged vins seated creat ety cree leres ogs unlawful offenses pine rete,0
steer your way savings you reach online phone rated app oar online phone dol dee discounts coverages payment plans features nat available states geico companies geico app site received rankings according keynotes mobile insurance scorecard geico isa eee toe neon hathaway inc subsidiary geico,0
home attorney profile aco ume coon treaty eure pav rea win personalized attorneys tailor legal services clients specific needs concems learn lawyers qualifications profiles meet attorneys years combined macy talk attorney legal experience seriously injured trey allen today tee eee sone hoe emcee denote eee one types injury claims learn eee eet eee,0
limted time onlytime ticking breakout technology next decade heres you need arma cum ede weve pvalal,0
congratulations visitor site youve won imaginary prize click button claim,1
weheckmyscorecom transunion equifax checking one bureaus report score,0
smart reviews autos health living shopping financial careers travel results account recovery password recovery recover your account password managing your password important account security fast development internet marketing majority people concentrate ecommerce usually work conducted computers cellphones tablets notebooks due easy access enterprise account you need protect account passwords order keep business security passwords security data security enterprise password security major concerns running enterprise relates user permissions authorize users users must offer valid account password start software password must entered absolutely correct therefore usually set password protection sometimes cannot percent keep password mind case recovering password lesson concentrated forgetting passwords forgetting your account passwords inconvenience core your internet activities reduce work efficiency however itis unsolvable problem you recover your password reset methods youve reserved phone number your account you use retrieve verification code sms send messages reset passwords otherwise you verify your identity answering private questions set ifunfortunately you set secret question alternate recovery email address phone number you access receive reset code creating accounts way prove you accounts legitimate owner recovering account password impossible hence please remember you register secret questions alternate emai resetting passwords phone number creating new accounts enter email address sent phone message get verification code enter six digit reset code gain,0
erotr eco kett ere ooo college degrees near you college finder find compare online programs schools apply online home zip code far your school research you choose selection welcome yourschoolmatchcom help you find right degree whether youre looking online university near you attending college allow you elevate your potential succeed degree you love time commit your dreams get education help change your future quickly search compare undergraduate graduate programs area interest explore individual courses professional certifications criminal justice fashion design general healthcare special education surgical technical sociology cosmetology nail technician liberal arts early education international business bsn counseling therapy,0
oiland gas report pqeff profile pqeff news ntl close tsxv pqe otc pink pqeff crude stocks climb highest since sept american oil booming petroteq growth catalysts get closer market summary petroteq energy inc otcmkts pqeff usp may edt disclaimer day says month months ytd year syears max usd previous close tsxv pqe otc pink pqeff eee eee,0
google your opera mini heavily damaged viruses noesstimaeaausrse omnia ees matng your phone tnow you sve afew second sip step browser tom open boner pean boner,1
abn ebb ube maihhciaiootac atte anatase asc heal chrome opinion survey maro congratulations yeuve personaly selected take partn annual visitor survey tell you think chrome say thank you youll recewve chance win streaming movies question often you use chrome time sometimes never,1
erie eee visitor congratulations you won click claim ,1
stem regenerative medicine cord blood cord tissue stembancsprocess pricing faqs contact,0
ers gotomeeting features pricing solutions support joinameeting hostameeting limited time feo metra nan tease bee ere eee ney teed ees eae ces coe oars cree ate epeatie pereketecns arete sce mate,0
uss ots red oleae mayo moneda pres pri geek iit ate eure ane seem tures ereinteke kee aoa elec eres visitar hostpapa,0
bae another pretzel perfect store rolling gia muy january fen eas togeta free pretzel,0
congratulations you selected take part survey chance win walmart gift card press participate,1
black bear bai nae insurance location contact eee lopge accredited drug rehab program peaceful retreat beautiful mountains georgia nationally recognized drug rehab program uses evidencebased methods produce lifechanging results individuals addiction mental healthdisorders reer alcohol drug este treatment option dia iated ara health black bear lodge residential treatment center offering comprehensive program addre needs whole person known curring disorders presence addiction mental health concerns vide cute detox range ptsd holistic therapies proven treatment disorders modalities,0
nll you won hourly prize click button claim time runs ore caer second life marketplac congratulations you won chat gesture,1
benefits resources atwork company home loans went meare ras ciliate peteertd home loans home loans clicks away whether youre buying home existing mortgage sofi start finishmaking sure process quick painless possible without hidden fees prepayment penalties,0
sparkpug electricity surprises search compare dozens websites dont average pay actual cost electricity sparkpug matches your actual household electricity usage right plans you dont settle average energy plan,0
helpcloud helpcloud independently owned operated computer support company affiliated microsoft apple aol third party get login help aor click connect cony esn tts note helpcloud directly affiliated major email service provider including limited gmail yahoo aol comcast etc services including email support services available general public help you trust goal pricing helpcloud provides affordable professional home technology changing rapidly hard keep computer diagnosis free based tech support since helped thousands anymore want make computers easy computer clean optimizations people throughout world issues take computer related stress you life quickly help you identify additional computer resolving problems makingiit enjoyable tech support membership month problems you may experiencing experience see satisfaction guarantee click view services,0
warning your computer may infected your fes high priciity virus removel calll lime remove viruses call tech support,1
questions answers comments category users explainbankruptcy ett questions online degree algebra requirement degree program asked february algebra anonymous level need bachelor accounting degree attain enjoy pristeis lifestyle you want later life ashed february college anonymous renew health insurance online asted february health insurance anonymous online degree fordable degree smart degree degrees strayereduapplyitoday dont wait start your masters apply strayer make happen grad undergrad degrees financial aid available accredited trusted texas campuses online campus degree online nursing degrees gccu gcus bsn msn dnp programs prepare students evolving nursing industry,0
fake survey real wie ihr kostenlos und legal psn itunes und xbox karten bekommt ist ausfiihrlich hier link erklirt tlow get psn itunes xbox cards free legal open link http psncardsmoneyjimdocom,1
register global domain name fesse speyer ater dele tred web hosting powers your purpose make sure your website fast secure always your visitors search engines trust you special offer may save upto aaa shared shared agreat place start web great multiple websites wordpress site anyone needs email starting starting website unlimited websites free domain included free domain included unlimited traffic unlimited traffic add email low unlimited email your domain year year monthly plans year year monthly plans,0
wellness center addiction treatment center serenity oaks wellness lad pci get addiction rehab today day placement avaitable calltoday cate cnet call near boa,0
myofficex myofficex online office access free word processing spreadsheets presentation step privacy uninstall contact trademarks property respective owners,0
texaslendingcom call you think mortgage think texaslendingcom start saving today choose your easy steps loan type complete,0
synopsys silicon design verification siliconip softwareintegrity support global sitesv silicon design verification feet ssa sms cee tut ttt home optical solutions rsoft optsim circuit optsim circuit pic design optsim circuit provides ideal technologyagnostic platform modeling optical systems photonic integrated circuits pics operate coupling feedback different optical electrical signal software paths graphical user interface gui shared awardwinning optsim tool offers natural eae rsoft product overview user experience test optimize performance pics system level whats new applications products product literature pmask signal customers clients system requirements choosing solution enewsletters transmitter schematic optsim circuit left layout optodesigner right support training,0
asi oanadvance you get loan reason whether pay vehicle repair home improvement expense even vacation much you need use bit ssl technology encrypt your data terms conditions lending goals loan rates fees credit authorization privacy policy unsubscribe,0
inspiration strikes,0
use cookies website provide you best possible user experience continuing use website services you agree use information ionos whoweare domains ssl websites stores hosting online marketing email office servers cloud solutions web hosting flexibility you count get php opcache fully scalable includes protection ddos data loss plus free domain email easy admin starting month risk cancel anytime eee helloworld you code come webspace webspace data used coamnare tic cea ctack tin,0
godaddy contact help blog bsignine domains websites wordpress hosting web security online marketing email office phone numbers promos expert support web hosting godaddy free domain global data centers mean faster load times oneclick install wordpress drupal joomla guaranteed uptime get started economy deluxe ultimate lowas low lowas sale sale sale you renew you renew you renew add cart add cart add cart,0
seethefullpicture one second delay page loading lowers customer satisfaction optimize mobileweb becoliiocw nacecncion accel google adsense,0
update your antivirus free infected,1
your phone is infected with malicious virus remove within hours locked until removed it,1
Download latest antivirus update install open to keep phone safe clean up,1
scan your phone for viruses and spyware reccomended risk install run complete threat scan now,1
progressive era your onestop insurance shop see easy quote buy save your insurance code obol elm lnt kae tojust add property get quote privacy security termsofuse contact insurance site copyright progressive casualty insurance company rights reserved ely responsible claims pay paa commission policies sold prices click list insurers progressive home advantage policies placed progressive advantage agency inc affliated thirdparty insurers jetermines insurers avai ese insurers you buy nts available online mabile independent agent situations independent agents prices vary based you buy insurance carrier website ranking dynatrace scorecards financial services ,0
congratulations orion saw,1
stopped usingbrb dont leave ore uber humor stlcerere sate aenctitrestes ,0
ong one,0
sees reiccuea fix errors check errors causing your run slow fix errors click download scannow,1
aan firmitas utilitas venustas execution key ,0
reliant myaccount celltosignup googl reviews find plan fit your budget lifestyle tlectricity provider texas bal leia ltale street address apt zip code promo code waz find plan zip code required variety plan get google home count affordability options one hub cost free count simplicity work you electricity weekend count reliant fixedprice plans get price security sameday connections make easy length your term choose plans include free weekends free nights upgrade your home switch start your service geta real person phone ,0
congratulations you todays fiori,1
dashlane features plans business log get dashlaneits free ,0
you won free actually real you didnt click,1
consumersadvocate content free may earn commission you click make purchase using site learn best mortgage rates trusted news yahoo ymsn abcnbc litemeteyroot forbes quickenloans lender offer rateshiel get best rate available industry leading online tools awardwinning customer service partne geta preauthorization letter buy home quicken loans largest online mortgage lender kkk see todays rate get best rate day period read full review neve see quicken loans deal rates low apr year fixedrate mortgages lendingtree compare quotes lenders minutes free cost save time view offers online get your free credit score parine take advantage extensive customer education section sus kkk million customers served read full review see lendingtree deal ,0
get special price cord blood banking limited time offer banking your babys cord blood smart simple way plan your familys future health call mention code glsp special savings month ready sign request info kit first name last name zip code babys due date call month day check expecting phone number,0
yenelainles sun aaa reat bre agencies sizes agency software designed agency people agencies let show you advantage streamline get started need details integrate your agency workflows increase bandwidth first name feet names reduce errors improve margins agile integrated intelligent advantages aqua software everything you need job title,0
sky blue biack pack equally foxy colors crafty little sedan quick seconds nimble sports car type steering suspension surefooted frontwheel drive stops straight tracks special braking steering systems small appetite miles per gallon catch one unders,0
evercord speak expert newborn stem cell banking rae dci oes ses emcee tos xplove benefits cord blood banking evercord first name benefits cord blood banking stem cells used years life saving treatments used treat nearly diseases safeauardina babvs future stem cell buea use cookies site enhance your user experience clicking link page you giving your consent set cookies,0
wireless black friday deals sales ads atat,0
httpwwwbest iphonescom congratulations you selected need testers new iphone press participate receive free iphone,1
better,0
lets find right loan,0
congratulations you todays lucky visitor click continue,1
personal loans get preapproved minutes allcredit types welcome upfront hidden fees obligation process loan amount email last ssn providing your information you certify you read agree privacy policy terms use fast loan decision secure your information safe online funds direct deposited your bank soon form next business day credit request loan regardless your credit score conditions vary terms apply,0
lendingtree million americans empowered billion borrowed get cash lumpsum repay monthly select loan purpose ial des aur filled everything online got pee eae ene filled everything online got eee eae eae ems satis peels arteisig,0
important information you order your credit report fico score you begin your day trial membershipin experian creditcheck total you may cancel your trial membership time within days without charge you decide cancel your membership continue you billed month you continue your membership you may cancel your membership stop monthly billing time however you eligible prorated refund your current months paid membership fee creditchec total transtnio equifax xperian home aboutus contactus member login check your credit see your credit reports fico ppwion tawa tonne cores reports fic credit score calculated based fico score model unless otherwise noted addition fico score may offer provide base industryspecific fico scores fico auto scores fico bankcard scores your lender insurer may use different fico score fico score base industryspecific fico score available another type credit score altogether learn creditcheck total helps you following resources available your monthly membership emma,0
sunset see,0
oncor english spanish get started residential business find provider business food service hospitality reservations efficiency upgrades extra service extraspecial touches you put everything customer experience enhance satisfaction your bottom line efficiency upgrades ambient lighting topoftheline equipment even better you receive incentives your investments speed payback commercial heating cooling lighting refigeration cooking simple updates like installing higher retrofit your business efficient refrigeration eat away your eames efficient system long way lighting controls shed light business budget you cut ademonal eneray savings fluffing your bottom line improving additional savings costs simple repairs largescale speed cooking times energy quest comfort uparades,0
congratulations you won hourly prize click button toclaim time runs,1
lele free consultations fight win fee injury lawyers eawfirm calltext habla espanol aaa tee rey injuries receive reduced contingency fee cases settle without litigation you mention hiring contact free injury case evaluation use form soliciting please name email phone you injured,0
remove malware please call tol free click download remove danger flash player download download flash playe flash freewarebanknet fies manually eae click manu pspywarercom,1
warning system may detected viruses your computer system moy found malicious viruses reotk siratet spy trajan fakeav nal financial information may safe help removing viruses call tech support online right away,1
gtehouse fina discover your new path mission get help volunteer events ways give contact donate thank you your support gatehouse you give check electronic check credit card wire transfer stock gifts charitable gift annunities deferred giving retirement gift plans give check make your check payable gatehouse mail gatehouse box grapevine payment note please pay check possible help avoid credit card fees checks allow your donation directly women children gatehouse give online please complete secure giving form give electronic check wire stock transfer charitable gift annunities deferred giving retirement gift plans contact infogatehousegrapevinecom also many companies offer matching contributions charitable giving check your employer participate donate online complete following information give credit card donation informa,0
update your antivirus free infected,1
your phone is infected with malicious virus remove within hours locked until removed it,1
Download latest antivirus update install open to keep phone safe clean up,1
scan your phone for viruses and spyware reccomended risk install run complete threat scan now,1
